id_cliente,valor_transacao,data_transacao,categoria,inadimplente
209,57.21,2024-07-01,mercado,0
285,19.8,2024-06-15,lazer,0
169,19.54,2025-01-04,educacao,0
266,49.68,2025-07-28,mercado,0
8,9.86,2024-12-07,mercado,0
5,54.54,2025-02-13,compras_online,0
48,17.08,2024-09-28,lazer,1
100,159.16,2024-01-12,transporte,0
164,37.41,2024-07-10,,1
197,47.0,2024-03-21,restaurante,0
106,27.22,2024-09-21,mercado,0
188,6.7,2024-06-07,transporte,0
227,11.83,2024-12-27,restaurante,0
259,49.89,2024-08-08,restaurante,0
89,11.75,2025-04-20,,0
97,252.22,2025-03-04,educacao,0
100,10.48,2025-04-18,transporte,0
53,16.92,2025-06-16,restaurante,0
197,8.47,2024-02-13,transporte,0
3,16.57,2024-08-21,restaurante,1
102,31.46,2024-08-04,transporte,0
258,14.93,2025-05-05,lazer,0
108,15.88,2025-01-07,restaurante,0
121,5.84,2024-07-14,mercado,0
214,54.83,2024-11-28,compras_online,0
185,,2024-08-19,restaurante,1
211,28.79,2025-04-13,mercado,0
227,18.32,2024-12-14,lazer,0
33,18.51,2024-04-02,mercado,1
225,40.09,2024-12-08,restaurante,1
273,66.4,2024-06-12,,1
175,14.4,2024-02-23,transporte,0
141,17.1,2024-04-18,restaurante,1
267,31.59,2024-07-09,restaurante,0
184,5.65,2024-07-31,mercado,0
281,43.83,2024-07-23,lazer,0
270,52.18,2025-03-24,mercado,0
96,23.8,2025-02-15,,0
291,11.67,2024-11-02,restaurante,0
70,39.61,2024-03-12,lazer,0
75,8.65,2025-05-28,compras_online,0
124,17.96,2025-01-15,mercado,0
218,9.15,2024-03-01,lazer,0
250,6.56,2025-06-08,transporte,0
224,14.85,2024-11-22,mercado,1
30,21.75,2025-06-07,educacao,0
272,25.9,2024-08-11,restaurante,0
249,35.25,2024-12-13,mercado,0
191,12.55,2024-08-23,transporte,1
154,31.28,2024-09-06,lazer,0
239,27.82,2025-04-08,,0
21,33.65,2025-07-08,lazer,0
283,11.93,2025-03-22,mercado,0
182,54.68,2024-06-14,,0
194,61.5,2025-04-17,educacao,0
150,8.11,2024-11-01,lazer,1
62,5.85,2025-07-06,transporte,1
251,22.61,2024-10-15,restaurante,0
264,34.52,2024-11-04,restaurante,0
204,32.9,2024-07-18,transporte,0
81,35.87,2024-06-20,lazer,0
41,19.55,2024-04-13,mercado,0
278,29.63,2024-06-30,restaurante,0
14,76.22,2024-12-13,saude,0
154,35.51,2024-07-10,educacao,0
104,51.11,2024-01-29,compras_online,0
86,33.46,2025-01-02,lazer,0
128,15.99,2024-04-06,mercado,0
245,53.82,2025-03-18,saude,0
109,44.68,2024-02-03,restaurante,0
48,23.67,2024-12-30,mercado,1
188,26.18,2025-02-02,lazer,0
170,19.26,2025-01-07,restaurante,1
41,,2024-04-22,saude,0
32,14.65,2025-04-25,mercado,0
42,6.22,2024-08-22,transporte,0
186,10.81,2024-03-17,transporte,0
41,16.23,2025-04-16,lazer,0
157,14.41,2024-11-15,transporte,0
257,16.44,2025-04-09,saude,0
49,14.58,2025-02-22,restaurante,0
32,10.92,2024-09-11,mercado,0
104,23.61,2024-04-14,lazer,0
24,17.23,2024-03-16,restaurante,1
161,13.44,2025-05-15,lazer,1
176,35.37,2025-06-08,saude,0
170,12.72,2024-09-27,saude,1
275,14.77,2024-01-01,mercado,0
278,18.43,2024-02-09,mercado,0
112,16.45,2025-04-27,lazer,0
3,13.62,2025-04-14,lazer,1
250,21.3,2025-05-06,restaurante,0
47,6.09,2024-11-06,transporte,0
188,14.57,2025-06-12,compras_online,0
252,44.96,2024-06-27,saude,0
91,11.95,2024-05-25,mercado,0
252,17.66,2024-04-01,compras_online,0
135,26.0,2024-07-15,restaurante,0
58,27.45,2025-06-29,mercado,0
217,85.16,2025-05-28,restaurante,0
189,45.26,2024-06-20,restaurante,1
117,22.69,2024-10-26,transporte,1
63,18.37,2024-04-17,restaurante,0
79,12.61,2024-03-28,restaurante,0
55,5.24,2024-09-08,transporte,1
28,26.05,2025-06-10,mercado,0
174,13.71,2024-04-04,mercado,1
192,27.03,2024-10-10,compras_online,0
275,16.13,2024-03-02,mercado,0
166,55.96,2025-07-06,compras_online,0
38,4.48,2025-02-01,transporte,0
142,16.0,2024-08-21,lazer,0
274,16.2,2024-07-29,mercado,1
7,29.75,2024-09-07,mercado,1
47,33.48,2024-10-05,compras_online,0
52,20.17,2025-05-06,,0
72,18.0,2025-03-14,lazer,0
102,9.26,2025-02-01,lazer,0
152,21.74,2025-07-20,mercado,1
143,17.51,2025-06-26,restaurante,1
44,23.35,2024-11-15,restaurante,0
236,8.01,2024-04-04,transporte,0
41,24.79,2024-11-12,mercado,0
141,10.97,2024-07-22,mercado,1
214,12.49,2024-01-11,mercado,0
165,9.4,2025-07-08,mercado,0
10,59.83,2024-08-15,saude,0
183,7.57,2024-07-21,mercado,0
110,40.57,2025-06-28,mercado,0
161,14.45,2024-07-20,lazer,1
216,11.5,2024-12-01,lazer,0
88,25.22,2025-04-20,mercado,0
24,62.33,2025-04-06,restaurante,1
275,45.55,2024-09-13,lazer,0
133,22.2,2024-10-23,compras_online,0
182,39.84,2025-06-29,mercado,0
280,23.91,2024-10-19,lazer,0
67,28.86,2024-05-07,lazer,0
102,62.76,2024-12-24,saude,0
65,25.25,2024-05-20,mercado,0
248,9.88,2024-01-16,transporte,1
208,25.96,2024-02-12,educacao,0
223,8.03,2024-05-16,mercado,0
161,8.61,2025-03-06,transporte,1
213,9.4,2024-03-31,transporte,0
228,10.18,2024-11-28,mercado,0
211,23.73,2024-07-15,transporte,0
298,6.47,2024-06-05,transporte,0
274,27.18,2024-08-02,lazer,1
126,44.04,2024-10-30,restaurante,0
5,57.39,2025-07-11,restaurante,0
10,56.08,2024-09-25,compras_online,0
138,15.3,2024-12-08,transporte,1
124,12.06,2024-01-12,transporte,0
297,19.0,2024-08-22,mercado,0
21,55.1,2025-04-05,saude,0
84,19.26,2024-01-12,mercado,0
61,13.09,2025-07-16,compras_online,0
99,25.26,2024-05-09,mercado,0
20,6.38,2024-05-13,transporte,1
125,11.2,2025-06-03,lazer,0
201,38.21,2025-02-27,compras_online,0
290,22.49,2024-10-06,restaurante,0
121,24.93,2024-11-14,restaurante,0
82,31.8,2025-03-18,restaurante,0
248,32.3,2025-02-04,mercado,1
92,25.13,2024-08-22,mercado,0
278,41.24,2024-11-26,lazer,0
142,7.58,2024-03-01,mercado,0
17,25.65,2025-06-04,saude,0
96,43.46,2025-07-05,mercado,0
108,32.54,2024-07-14,educacao,0
157,90.8,2024-11-04,transporte,0
125,58.82,2024-09-11,educacao,0
239,36.52,2025-07-19,mercado,0
268,13.55,2024-04-02,transporte,0
63,21.22,2024-03-10,restaurante,0
93,24.02,2024-03-14,mercado,0
112,11.16,2024-10-29,mercado,0
262,8.19,2025-04-25,lazer,0
262,13.38,2025-02-10,lazer,0
19,29.72,2025-01-10,mercado,0
2,57.56,2024-01-17,mercado,1
268,16.44,2024-09-30,lazer,0
288,15.73,2024-09-16,lazer,0
8,20.7,2024-03-17,lazer,0
141,17.74,2025-04-29,lazer,1
84,29.89,2025-04-24,mercado,0
8,25.84,2025-04-12,lazer,0
113,,2024-02-15,lazer,0
177,,2024-10-04,transporte,0
113,69.37,2024-11-13,,0
53,50.54,2024-01-08,lazer,0
152,39.07,2024-05-13,saude,1
39,30.18,2024-05-27,,0
39,6.99,2024-05-01,transporte,0
65,8.6,2024-02-14,transporte,0
2,37.89,2024-02-18,restaurante,1
271,9.42,2024-07-16,lazer,0
113,35.32,2024-05-17,mercado,0
24,32.87,2024-11-29,educacao,1
179,8.75,2025-05-01,mercado,1
13,29.89,2025-04-13,educacao,0
53,7.08,2024-02-13,mercado,0
198,13.29,2025-01-31,mercado,0
81,18.12,2025-03-31,transporte,0
22,81.27,2024-04-01,compras_online,0
174,13.32,2024-07-09,restaurante,1
199,19.74,2025-04-11,restaurante,0
184,8.53,2025-05-01,mercado,0
289,17.91,2024-07-30,transporte,1
213,11.0,2025-06-08,saude,0
49,54.48,2024-08-03,lazer,0
153,16.57,2025-02-06,saude,0
104,11.21,2024-01-14,transporte,0
208,93.62,2025-07-13,educacao,0
162,6.54,2024-11-25,transporte,0
161,16.02,2024-03-17,transporte,1
207,43.17,2024-03-27,lazer,1
90,7.67,2024-02-28,compras_online,0
157,12.72,2024-08-18,lazer,0
242,19.01,2024-05-26,lazer,0
90,29.84,2025-02-05,restaurante,0
288,56.83,2024-04-21,restaurante,0
55,29.66,2024-02-24,mercado,1
8,29.05,2025-02-20,mercado,0
188,67.21,2024-04-30,,0
12,54.77,2024-10-06,educacao,0
75,10.14,2024-03-26,transporte,0
164,10.57,2024-05-15,transporte,1
174,13.51,2024-08-08,lazer,1
83,6.22,2024-08-19,restaurante,0
286,8.93,2024-11-15,transporte,0
179,22.87,2025-05-23,,1
188,12.23,2025-06-13,transporte,0
230,53.95,2025-03-25,compras_online,0
242,29.78,2025-02-13,saude,0
226,13.22,2024-09-09,restaurante,1
249,7.56,2024-05-19,restaurante,0
47,23.79,2024-11-25,mercado,0
21,27.22,2024-01-26,mercado,0
47,12.62,2024-03-26,restaurante,0
153,16.0,2025-04-15,lazer,0
167,28.11,2024-05-25,mercado,0
241,31.69,2024-12-18,mercado,1
100,17.77,2024-12-02,mercado,0
100,17.17,2025-04-17,mercado,0
111,44.27,2024-12-01,restaurante,0
279,25.21,2024-10-30,mercado,0
111,48.16,2024-07-28,compras_online,0
166,28.56,2024-08-03,lazer,0
99,12.15,2025-02-16,transporte,0
30,17.23,2025-02-04,mercado,0
133,23.32,2024-04-21,lazer,0
53,47.37,2025-03-29,educacao,0
117,48.38,2025-04-01,restaurante,1
10,22.31,2024-12-30,mercado,0
268,41.59,2024-06-19,saude,0
265,24.18,2024-05-14,transporte,0
139,19.58,2024-06-03,transporte,0
12,17.84,2025-07-22,mercado,0
87,21.22,2025-03-03,compras_online,0
58,13.7,2024-04-17,mercado,0
260,13.74,2024-08-12,transporte,0
122,27.32,2024-01-12,lazer,1
31,22.44,2025-07-25,mercado,0
295,22.89,2024-07-04,transporte,0
234,27.68,2025-03-25,mercado,0
90,23.16,2025-02-10,compras_online,0
228,5.13,2025-02-04,transporte,0
164,12.38,2025-02-18,mercado,1
270,25.31,2024-02-07,saude,0
246,18.17,2025-07-23,lazer,0
285,23.31,2024-08-22,compras_online,0
139,30.89,2024-06-13,mercado,0
21,12.3,2024-06-08,,0
300,45.67,2025-05-13,lazer,0
189,66.38,2024-09-28,restaurante,1
90,16.18,2024-04-07,mercado,0
38,24.11,2024-07-07,restaurante,0
86,40.09,2024-09-20,saude,0
240,6.39,2024-06-17,transporte,1
184,46.78,2025-01-16,restaurante,0
167,28.29,2024-09-06,lazer,0
79,270.51,2024-10-29,lazer,0
215,47.04,2025-06-30,mercado,1
129,6.12,2024-06-13,lazer,0
29,47.31,2025-04-30,lazer,0
162,21.25,2024-08-21,restaurante,0
40,6.43,2024-07-18,transporte,0
125,6.16,2025-06-11,transporte,0
248,2.73,2024-07-09,mercado,1
225,34.4,2025-07-16,compras_online,1
235,,2025-07-27,mercado,0
181,8.84,2025-02-18,lazer,0
206,22.94,2025-05-16,mercado,0
179,4.0,2025-04-03,transporte,1
64,55.64,2025-01-13,mercado,1
68,36.38,2025-06-28,mercado,0
218,,2024-12-29,transporte,0
299,11.04,2025-06-15,transporte,0
192,4.03,2024-06-18,transporte,0
268,16.89,2024-01-18,mercado,0
96,12.3,2024-02-03,transporte,0
24,12.55,2024-10-10,compras_online,1
52,20.08,2024-07-25,mercado,0
144,15.3,2025-07-18,restaurante,0
208,20.9,2024-09-12,transporte,0
265,31.67,2025-07-08,mercado,0
74,38.64,2025-04-25,lazer,0
241,12.23,2025-06-24,transporte,1
39,34.18,2025-01-12,restaurante,0
210,12.95,2024-03-28,lazer,0
66,16.25,2024-01-14,restaurante,0
106,21.13,2024-06-27,restaurante,0
43,19.13,2024-05-04,restaurante,0
170,16.28,2025-01-13,restaurante,1
169,29.35,2024-06-06,lazer,0
259,32.29,2024-11-11,restaurante,0
196,14.7,2024-06-24,mercado,0
34,11.64,2025-04-11,saude,0
113,23.88,2024-08-08,compras_online,0
204,12.37,2024-01-24,mercado,0
19,75.8,2025-06-24,saude,0
139,120.68,2024-09-05,restaurante,0
189,2.99,2025-04-07,transporte,1
32,74.41,2024-07-04,saude,0
228,12.93,2024-09-11,mercado,0
174,17.74,2024-11-09,lazer,1
286,17.72,2025-04-26,mercado,0
41,9.75,2024-12-29,restaurante,0
14,26.05,2024-06-22,mercado,0
20,30.71,2024-06-12,lazer,1
281,9.11,2025-07-19,transporte,0
18,45.11,2025-07-22,educacao,0
22,60.14,2024-05-07,mercado,0
79,20.87,2024-10-20,restaurante,0
100,54.73,2025-03-20,compras_online,0
289,28.06,2025-07-24,mercado,1
227,30.24,2024-04-28,saude,0
153,12.62,2025-04-17,restaurante,0
9,22.11,2024-06-08,educacao,0
129,30.91,2024-09-16,lazer,0
160,24.2,2025-06-30,lazer,0
214,9.82,2025-02-10,restaurante,0
139,7.32,2025-04-02,restaurante,0
162,21.5,2025-03-31,lazer,0
69,40.31,2025-07-12,,0
294,43.22,2024-06-11,lazer,0
222,24.83,2024-04-20,transporte,1
55,10.91,2025-06-14,transporte,1
28,8.13,2024-04-19,restaurante,0
260,52.99,2025-04-27,lazer,0
140,8.2,2024-06-03,restaurante,0
230,25.7,2025-05-11,,0
81,27.48,2024-07-05,mercado,0
215,16.87,2024-06-23,compras_online,1
227,41.79,2025-05-30,mercado,0
210,23.41,2024-09-02,mercado,0
83,25.12,2024-07-01,restaurante,0
13,28.28,2025-04-29,saude,0
30,6.66,2025-03-27,restaurante,0
277,9.12,2025-07-24,mercado,0
265,44.48,2025-03-13,saude,0
113,74.23,2025-05-17,educacao,0
160,37.69,2025-07-10,restaurante,0
132,12.89,2024-01-24,transporte,0
213,21.94,2024-11-12,restaurante,0
84,,2024-08-26,lazer,0
21,76.93,2024-08-19,restaurante,0
175,49.07,2024-08-05,compras_online,0
74,33.33,2024-05-28,mercado,0
91,27.62,2024-03-14,mercado,0
256,60.28,2024-09-15,educacao,0
277,26.97,2024-02-03,,0
118,14.39,2025-05-31,compras_online,0
273,83.67,2024-09-11,lazer,1
256,21.04,2024-02-20,mercado,0
67,8.69,2024-04-08,transporte,0
255,27.28,2025-06-11,mercado,0
226,46.05,2024-01-08,lazer,1
31,9.49,2024-01-08,transporte,0
179,9.64,2024-04-24,transporte,1
65,9.32,2024-03-08,mercado,0
258,19.74,2024-07-03,compras_online,0
152,18.62,2025-06-30,compras_online,1
290,14.85,2024-08-28,restaurante,0
35,29.1,2024-06-23,compras_online,0
98,22.92,2024-08-31,transporte,0
132,14.2,2025-06-23,lazer,0
154,7.13,2025-05-15,lazer,0
116,6.91,2024-11-27,mercado,0
64,19.8,2025-01-22,educacao,1
19,114.7,2025-07-25,saude,0
91,38.12,2024-08-20,restaurante,0
116,18.13,2024-08-14,restaurante,0
114,28.59,2025-06-15,mercado,0
75,19.41,2025-03-19,compras_online,0
165,20.91,2025-01-02,mercado,0
266,94.05,2024-10-19,lazer,0
173,44.04,2024-09-08,saude,1
38,6.58,2024-07-19,mercado,0
17,157.12,2024-07-11,saude,0
243,8.14,2024-12-24,transporte,0
54,31.38,2025-07-03,mercado,0
112,17.14,2024-05-23,mercado,0
267,17.32,2024-02-05,compras_online,0
197,37.95,2025-01-23,educacao,0
42,23.11,2025-04-08,lazer,0
156,14.34,2024-09-24,mercado,0
201,8.41,2024-08-16,transporte,0
284,28.94,2025-07-12,mercado,0
73,4.68,2024-09-08,transporte,0
35,44.94,2024-03-14,restaurante,0
158,14.34,2024-02-20,mercado,0
61,19.65,2024-01-03,compras_online,0
233,17.3,2024-06-13,educacao,0
31,16.41,2024-11-17,mercado,0
237,27.85,2024-12-19,saude,0
192,38.62,2024-02-13,compras_online,0
278,15.57,2024-09-06,restaurante,0
262,14.39,2024-12-16,mercado,0
124,16.5,2025-06-25,mercado,0
1,31.03,2024-03-28,educacao,0
155,15.11,2024-05-26,mercado,0
36,40.15,2024-09-23,,0
228,46.53,2024-08-19,lazer,0
205,,2024-09-12,,0
22,24.32,2024-04-25,restaurante,0
279,16.02,2025-05-27,mercado,0
247,13.14,2025-03-23,transporte,1
188,,2025-06-13,mercado,0
13,26.65,2024-09-01,saude,0
202,62.98,2024-11-04,lazer,1
209,33.52,2024-05-11,mercado,0
47,18.96,2024-09-18,educacao,0
202,20.96,2024-07-14,educacao,1
247,38.37,2025-01-17,lazer,1
122,14.4,2024-08-07,transporte,1
59,14.34,2025-01-26,mercado,0
278,23.55,2024-12-30,restaurante,0
137,20.73,2025-04-04,restaurante,1
245,11.12,2025-02-28,lazer,0
76,14.7,2024-10-12,transporte,0
221,19.4,2024-05-10,compras_online,1
58,17.0,2025-04-19,mercado,0
107,14.72,2024-03-09,transporte,0
131,34.89,2025-06-27,saude,0
59,13.38,2024-12-22,mercado,0
271,11.5,2025-05-12,restaurante,0
248,53.41,2024-04-05,saude,1
25,10.24,2024-05-01,restaurante,1
168,31.82,2024-09-13,lazer,0
187,20.87,2025-03-16,mercado,0
273,27.86,2025-06-15,educacao,1
156,18.83,2024-09-22,mercado,0
224,68.92,2024-01-27,lazer,1
17,18.48,2025-04-22,restaurante,0
50,22.14,2025-01-29,compras_online,0
25,28.53,2024-01-06,compras_online,1
127,22.08,2024-07-05,restaurante,0
245,47.72,2025-02-26,restaurante,0
225,124.54,2025-01-02,mercado,1
41,8.79,2025-04-14,transporte,0
13,16.77,2025-05-06,mercado,0
199,29.87,2025-01-08,lazer,0
248,14.39,2025-02-23,restaurante,1
144,13.26,2025-02-03,transporte,0
16,80.73,2025-01-15,saude,0
217,9.48,2024-01-24,mercado,0
192,33.43,2024-10-14,compras_online,0
122,17.55,2024-09-29,mercado,1
41,53.13,2025-06-10,mercado,0
181,52.27,2024-12-13,restaurante,0
148,18.29,2024-02-29,restaurante,0
102,50.28,2025-02-28,mercado,0
276,20.2,2024-12-10,mercado,0
84,13.24,2024-01-27,transporte,0
17,21.96,2025-07-26,mercado,0
78,17.78,2024-08-18,educacao,1
243,42.8,2025-03-31,educacao,0
92,31.89,2024-02-26,compras_online,0
170,26.78,2024-11-17,,1
272,72.12,2024-01-13,compras_online,0
169,15.3,2025-06-28,mercado,0
107,25.41,2024-06-10,mercado,0
84,15.42,2024-12-25,transporte,0
166,28.3,2025-06-23,mercado,0
210,93.87,2024-03-29,mercado,0
289,48.55,2024-03-04,educacao,1
228,33.6,2025-07-13,educacao,0
260,15.22,2025-04-07,mercado,0
218,9.53,2025-02-02,lazer,0
127,10.91,2024-03-15,transporte,0
57,14.78,2024-04-14,transporte,0
214,17.38,2025-05-11,compras_online,0
178,43.31,2024-05-25,educacao,1
151,4.68,2024-04-22,lazer,0
214,20.79,2024-04-23,compras_online,0
89,40.36,2024-04-10,lazer,0
233,22.34,2024-04-02,mercado,0
37,31.9,2024-08-14,transporte,0
210,38.46,2025-02-12,lazer,0
183,13.9,2025-02-12,restaurante,0
16,15.6,2024-04-04,lazer,0
81,24.31,2025-06-30,saude,0
271,17.28,2024-06-14,restaurante,0
162,14.23,2025-01-25,transporte,0
58,39.13,2024-07-13,lazer,0
127,42.98,2024-12-14,saude,0
108,32.77,2024-08-24,lazer,0
53,16.15,2025-06-14,transporte,0
3,14.69,2024-03-24,transporte,1
46,11.11,2025-01-16,lazer,0
121,25.92,2024-04-16,mercado,0
115,22.65,2024-06-10,,0
106,12.34,2024-04-30,compras_online,0
206,11.62,2024-09-17,transporte,0
59,23.15,2024-07-29,mercado,0
284,15.64,2024-08-04,saude,0
186,15.48,2025-02-06,lazer,0
201,36.41,2024-11-21,mercado,0
264,80.79,2025-07-29,educacao,0
154,21.45,2024-06-13,mercado,0
181,28.01,2024-10-03,mercado,0
28,24.4,2024-10-03,,0
94,49.96,2025-02-15,mercado,0
28,22.37,2024-01-10,mercado,0
233,19.06,2025-05-19,lazer,0
86,25.81,2024-12-05,restaurante,0
233,33.94,2025-04-28,saude,0
160,63.36,2024-10-24,educacao,0
75,37.78,2025-07-27,mercado,0
292,42.83,2025-01-08,saude,0
248,11.18,2024-06-18,lazer,1
69,22.96,2024-11-20,transporte,0
266,33.89,2025-01-28,transporte,0
118,15.77,2025-06-12,restaurante,0
105,6.02,2024-02-29,transporte,0
19,23.45,2025-04-29,lazer,0
139,89.21,2025-03-29,mercado,0
128,18.83,2025-04-22,compras_online,0
124,14.81,2025-07-21,mercado,0
56,,2024-03-01,compras_online,0
98,9.86,2024-05-10,transporte,0
104,21.95,2024-03-09,lazer,0
296,7.87,2024-03-20,mercado,0
168,47.69,2025-05-19,compras_online,0
276,20.2,2024-12-10,mercado,0
107,23.6,2025-03-29,mercado,0
141,19.87,2025-02-07,compras_online,1
114,25.22,2024-12-07,lazer,0
181,24.26,2025-06-16,mercado,0
112,10.36,2024-09-13,mercado,0
15,16.94,2025-01-19,mercado,0
16,22.5,2024-04-29,mercado,0
261,26.39,2024-06-03,restaurante,0
22,17.35,2024-04-30,compras_online,0
178,,2024-08-21,transporte,1
290,23.34,2024-02-23,lazer,0
68,23.05,2024-11-29,restaurante,0
72,38.71,2024-04-21,transporte,0
138,47.71,2024-06-21,saude,1
218,6.48,2025-01-07,mercado,0
87,20.73,2025-07-24,lazer,0
196,13.29,2025-01-15,lazer,0
4,22.8,2025-04-19,mercado,0
59,,2024-09-22,compras_online,0
84,12.63,2024-09-20,saude,0
284,18.14,2024-06-28,,0
138,20.94,2025-07-07,restaurante,1
120,28.49,2024-01-15,compras_online,1
103,36.69,2024-04-24,lazer,0
11,20.54,2025-01-12,educacao,0
232,27.12,2025-06-13,restaurante,0
107,22.02,2024-09-22,mercado,0
8,17.66,2024-08-13,restaurante,0
248,32.78,2025-04-01,lazer,1
99,31.42,2025-06-30,transporte,0
94,22.28,2025-07-26,mercado,0
147,13.74,2025-06-23,lazer,0
156,19.2,2024-09-25,mercado,0
183,22.83,2025-05-31,restaurante,0
217,10.35,2024-12-29,restaurante,0
131,32.1,2024-10-25,mercado,0
146,13.21,2024-04-10,mercado,0
70,27.72,2025-01-25,mercado,0
131,77.58,2025-01-15,transporte,0
127,20.01,2024-12-31,lazer,0
223,14.27,2025-02-13,transporte,0
219,21.72,2024-08-18,educacao,0
192,20.88,2025-03-13,restaurante,0
137,57.8,2024-02-02,mercado,1
154,12.12,2024-01-13,transporte,0
116,10.21,2024-05-20,transporte,0
285,12.42,2024-02-13,transporte,0
109,3.97,2025-02-17,transporte,0
65,11.92,2024-08-29,mercado,0
2,16.69,2024-09-10,lazer,1
93,24.91,2024-03-27,lazer,0
68,48.82,2025-07-31,educacao,0
101,11.04,2025-07-24,transporte,0
288,57.55,2024-05-12,compras_online,0
148,18.51,2024-07-29,lazer,0
190,39.64,2025-06-16,restaurante,0
48,29.91,2025-02-20,mercado,1
2,79.79,2025-04-08,educacao,1
279,43.98,2024-12-16,educacao,0
271,18.79,2024-05-12,transporte,0
6,81.63,2025-02-21,educacao,0
134,14.73,2025-07-28,mercado,0
70,26.2,2025-01-11,compras_online,0
100,55.8,2025-01-07,saude,0
240,121.68,2025-04-19,compras_online,1
248,11.36,2024-08-20,mercado,1
228,28.88,2024-02-09,mercado,0
88,24.17,2024-03-28,lazer,0
169,6.63,2024-11-28,mercado,0
220,13.47,2025-05-11,mercado,0
75,31.45,2025-02-02,restaurante,0
16,38.89,2024-02-21,lazer,0
163,27.74,2024-12-13,compras_online,0
139,11.77,2024-04-29,mercado,0
132,58.2,2025-03-23,saude,0
248,20.16,2024-01-29,mercado,1
150,64.3,2025-05-13,mercado,1
81,20.84,2025-05-05,lazer,0
40,14.5,2025-03-08,transporte,0
164,17.26,2025-03-05,mercado,1
26,17.93,2024-03-05,lazer,0
216,10.06,2024-12-30,transporte,0
146,12.13,2025-03-24,mercado,0
195,16.11,2024-11-03,mercado,0
39,3.92,2024-08-09,,0
117,10.83,2024-07-28,educacao,1
126,34.94,2025-03-29,restaurante,0
109,16.27,2025-06-07,saude,0
86,17.77,2024-01-22,saude,0
167,13.15,2024-06-03,saude,0
7,29.59,2024-02-01,compras_online,1
290,37.4,2024-08-21,restaurante,0
222,16.49,2024-06-23,lazer,1
198,134.99,2024-06-14,,0
196,8.04,2024-09-12,mercado,0
206,85.07,2024-12-07,saude,0
108,19.63,2025-01-29,mercado,0
28,32.06,2024-02-14,lazer,0
275,17.54,2024-09-12,mercado,0
175,38.35,2024-11-23,mercado,0
280,19.49,2024-10-11,transporte,0
19,20.59,2024-11-28,saude,0
124,15.71,2025-05-28,transporte,0
109,29.94,2025-05-13,restaurante,0
277,89.27,2025-01-28,saude,0
201,23.57,2024-09-09,mercado,0
95,26.76,2025-05-31,lazer,1
33,9.8,2024-06-05,mercado,1
212,33.57,2024-07-31,saude,0
283,118.75,2024-06-23,educacao,0
196,,2024-03-26,restaurante,0
295,12.12,2024-10-26,mercado,0
187,13.36,2024-08-30,,0
72,11.54,2024-10-04,saude,0
238,7.04,2024-07-23,transporte,0
173,12.05,2024-01-20,transporte,1
4,6.59,2024-11-06,saude,0
38,11.85,2025-05-04,restaurante,0
39,54.54,2025-02-12,mercado,0
283,15.63,2025-01-07,restaurante,0
258,10.09,2024-09-05,mercado,0
157,21.73,2025-06-21,mercado,0
284,12.38,2024-02-04,restaurante,0
229,36.72,2024-08-10,mercado,0
7,2.12,2024-08-15,transporte,1
230,17.14,2024-09-26,mercado,0
119,38.13,2024-01-15,compras_online,0
268,41.08,2024-10-06,mercado,0
231,22.17,2024-11-01,mercado,0
221,17.51,2024-11-12,compras_online,1
293,6.95,2025-03-09,compras_online,1
202,17.62,2024-06-26,restaurante,1
107,12.3,2024-11-13,mercado,0
213,45.2,2025-06-21,restaurante,0
222,25.44,2025-04-08,lazer,1
264,9.22,2025-03-18,transporte,0
83,18.51,2024-04-12,mercado,0
214,18.62,2024-06-28,lazer,0
133,12.75,2024-09-15,lazer,0
185,12.09,2024-12-15,restaurante,1
202,13.29,2025-01-24,compras_online,1
30,66.85,2024-11-03,compras_online,0
227,46.89,2024-08-10,mercado,0
54,292.16,2025-04-19,restaurante,0
55,14.31,2024-11-04,transporte,1
216,159.92,2024-11-15,mercado,0
134,44.01,2024-01-13,restaurante,0
101,15.8,2024-06-04,transporte,0
295,19.29,2024-01-31,transporte,0
51,9.43,2025-07-15,transporte,1
247,35.33,2025-05-19,compras_online,1
204,20.99,2024-07-02,,0
215,9.7,2024-01-26,mercado,1
70,14.17,2025-03-12,compras_online,0
39,7.69,2024-10-01,transporte,0
244,22.37,2024-10-06,restaurante,0
36,44.8,2025-06-23,mercado,0
35,,2025-05-08,mercado,0
176,4.27,2025-05-08,transporte,0
217,21.01,2024-01-01,transporte,0
168,17.46,2024-05-11,mercado,0
203,8.68,2024-06-28,transporte,0
62,26.61,2024-09-16,transporte,1
242,99.12,2024-02-26,lazer,0
202,22.81,2024-04-02,lazer,1
142,15.7,2024-08-08,restaurante,0
109,24.32,2024-04-04,compras_online,0
183,22.43,2024-12-01,compras_online,0
20,26.23,2025-04-29,mercado,1
83,59.76,2024-01-22,restaurante,0
181,71.25,2025-04-02,restaurante,0
3,20.43,2025-06-19,mercado,1
283,16.52,2024-09-22,lazer,0
127,33.74,2024-08-04,mercado,0
260,97.02,2024-09-03,educacao,0
23,81.65,2024-08-25,educacao,0
198,6.45,2024-07-26,transporte,0
107,19.08,2025-01-24,transporte,0
196,27.78,2024-04-14,educacao,0
160,24.2,2025-06-30,lazer,0
4,9.85,2024-06-18,transporte,0
141,18.53,2024-11-10,mercado,1
59,22.15,2025-01-15,mercado,0
163,52.17,2025-03-06,saude,0
237,9.25,2024-06-26,transporte,0
251,33.0,2024-08-15,saude,0
291,16.6,2025-01-05,transporte,0
14,27.15,2025-03-10,saude,0
116,13.01,2024-01-31,mercado,0
90,11.86,2025-07-05,lazer,0
54,23.03,2025-04-08,compras_online,0
21,12.57,2024-01-19,transporte,0
60,18.14,2024-08-08,transporte,0
112,7.81,2025-07-26,transporte,0
151,26.87,2025-06-14,mercado,0
1,8.07,2024-07-05,mercado,0
114,24.68,2024-04-14,mercado,0
66,7.06,2024-09-29,transporte,0
92,8.02,2024-05-24,lazer,0
179,29.53,2025-04-14,restaurante,1
183,26.18,2024-11-14,restaurante,0
132,32.95,2024-11-08,mercado,0
154,17.34,2025-04-29,saude,0
257,11.04,2024-06-20,mercado,0
280,10.66,2024-11-20,transporte,0
169,18.15,2024-12-07,compras_online,0
193,27.73,2025-04-26,compras_online,0
239,5.25,2024-10-08,mercado,0
149,19.98,2025-05-06,restaurante,0
205,93.02,2024-05-14,mercado,0
173,93.82,2025-03-31,lazer,1
186,33.78,2024-03-17,lazer,0
214,55.74,2024-08-22,saude,0
162,9.93,2024-01-18,mercado,0
166,14.99,2024-05-04,restaurante,0
23,4.45,2024-04-13,transporte,0
162,19.17,2024-09-17,restaurante,0
250,8.26,2024-09-21,transporte,0
211,17.41,2025-01-16,restaurante,0
59,21.13,2024-02-13,transporte,0
82,23.79,2024-04-11,saude,0
32,44.61,2025-06-16,lazer,0
63,6.56,2024-05-29,transporte,0
78,9.14,2025-06-16,lazer,1
86,9.86,2025-06-18,restaurante,0
111,14.45,2024-03-25,mercado,0
245,9.06,2024-06-02,transporte,0
75,16.79,2025-06-29,mercado,0
16,,2025-02-09,mercado,0
20,31.71,2025-04-17,mercado,1
73,24.24,2024-01-25,saude,0
215,9.11,2024-12-27,lazer,1
61,17.83,2024-04-21,restaurante,0
73,25.75,2024-11-14,saude,0
281,23.75,2025-07-14,restaurante,0
127,13.12,2025-03-15,compras_online,0
61,43.54,2024-08-21,mercado,0
206,19.56,2024-02-06,lazer,0
282,6.34,2025-04-06,transporte,0
3,22.47,2025-04-23,mercado,1
104,43.16,2025-01-27,,0
183,84.0,2024-11-13,restaurante,0
127,22.84,2024-09-19,saude,0
99,30.16,2025-07-15,mercado,0
243,77.99,2025-05-05,restaurante,0
12,21.48,2024-02-17,mercado,0
53,9.05,2024-07-26,restaurante,0
49,43.47,2024-12-11,mercado,0
12,38.67,2025-01-26,lazer,0
203,23.77,2025-02-01,compras_online,0
47,5.3,2024-09-26,transporte,0
120,15.6,2025-05-16,mercado,1
255,24.5,2025-04-08,mercado,0
16,13.03,2025-01-26,mercado,0
59,7.03,2025-06-04,transporte,0
118,61.36,2024-01-28,compras_online,0
75,114.76,2025-01-05,mercado,0
65,18.4,2024-11-20,compras_online,0
84,7.65,2024-03-16,transporte,0
133,20.44,2025-03-31,mercado,0
109,23.31,2024-11-25,mercado,0
279,16.66,2024-03-11,restaurante,0
290,42.63,2024-07-14,educacao,0
68,11.2,2024-02-24,restaurante,0
147,10.64,2025-02-21,mercado,0
209,20.59,2024-09-01,compras_online,0
194,27.03,2024-01-20,saude,0
82,63.86,2024-12-06,,0
143,11.86,2024-12-06,transporte,1
260,15.69,2024-10-19,restaurante,0
84,13.93,2024-09-06,mercado,0
219,25.44,2024-05-03,saude,0
43,29.5,2024-08-08,mercado,0
270,10.88,2024-06-14,restaurante,0
272,37.1,2024-08-08,lazer,0
13,21.9,2025-04-08,transporte,0
107,19.24,2024-11-06,lazer,0
182,15.48,2024-04-16,saude,0
76,7.46,2024-07-26,transporte,0
175,19.71,2024-10-24,compras_online,0
241,3.2,2025-04-30,transporte,1
198,63.04,2024-05-23,educacao,0
106,28.73,2024-06-23,mercado,0
246,34.76,2025-07-28,restaurante,0
201,16.94,2024-04-01,,0
61,41.64,2024-09-08,mercado,0
258,9.97,2024-04-30,mercado,0
13,10.57,2024-01-25,mercado,0
184,13.98,2025-04-01,restaurante,0
120,9.29,2024-11-03,restaurante,1
46,56.1,2025-04-04,,0
295,27.65,2025-05-01,mercado,0
266,65.33,2024-11-06,compras_online,0
127,10.19,2024-01-22,transporte,0
117,17.96,2024-03-27,mercado,1
153,,2025-05-27,transporte,0
231,,2025-07-21,mercado,0
161,33.01,2024-05-07,mercado,1
77,28.65,2025-04-04,compras_online,1
15,16.68,2025-02-13,lazer,0
73,14.52,2024-02-09,mercado,0
149,10.15,2025-07-18,mercado,0
50,55.96,2024-10-18,compras_online,0
111,11.11,2024-01-09,lazer,0
204,11.56,2024-12-21,,0
145,32.03,2025-05-14,educacao,0
241,10.51,2024-08-08,transporte,1
91,9.69,2025-06-26,transporte,0
167,16.65,2025-01-30,transporte,0
47,22.24,2025-05-01,restaurante,0
165,87.22,2024-04-02,transporte,0
192,106.11,2025-03-29,mercado,0
188,6.51,2025-05-10,mercado,0
70,75.56,2024-06-08,restaurante,0
88,80.94,2025-04-22,lazer,0
138,30.42,2025-05-16,mercado,1
152,16.33,2024-02-10,lazer,1
111,29.15,2024-05-16,compras_online,0
210,8.03,2024-11-03,transporte,0
20,30.71,2024-06-12,lazer,1
119,28.03,2025-04-20,restaurante,0
294,52.83,2025-03-21,restaurante,0
214,10.88,2024-10-29,mercado,0
219,9.63,2024-12-25,lazer,0
190,36.84,2025-05-31,lazer,0
156,17.67,2024-02-28,mercado,0
108,12.02,2025-07-13,compras_online,0
74,6.19,2024-05-19,transporte,0
258,55.16,2025-04-24,restaurante,0
165,23.37,2024-07-08,mercado,0
65,39.19,2025-01-29,saude,0
267,16.79,2024-05-01,,0
113,19.75,2024-01-08,lazer,0
223,8.03,2024-05-16,mercado,0
76,31.08,2025-06-09,compras_online,0
275,52.86,2025-07-03,compras_online,0
127,36.96,2024-06-17,restaurante,0
22,75.21,2024-05-21,educacao,0
100,28.72,2024-06-14,mercado,0
138,14.97,2025-02-08,transporte,1
128,44.71,2024-11-04,restaurante,0
148,8.36,2024-04-30,restaurante,0
235,58.39,2024-05-07,mercado,0
97,18.75,2025-05-22,saude,0
73,34.19,2025-07-22,mercado,0
239,27.82,2025-04-08,,0
76,21.96,2024-04-13,lazer,0
35,62.86,2024-03-17,mercado,0
141,28.13,2024-08-30,compras_online,1
101,40.83,2024-01-26,mercado,0
191,,2024-12-29,compras_online,1
132,90.06,2024-10-19,compras_online,0
169,38.23,2025-02-03,mercado,0
19,19.77,2025-02-01,lazer,0
111,16.84,2024-11-12,mercado,0
89,63.58,2025-02-19,educacao,0
21,142.03,2025-05-06,mercado,0
140,33.0,2025-04-19,restaurante,0
147,12.06,2024-11-26,restaurante,0
245,11.82,2024-05-04,mercado,0
225,20.93,2024-09-11,mercado,1
218,17.92,2025-06-04,restaurante,0
162,29.41,2024-02-11,mercado,0
108,28.27,2025-07-26,saude,0
275,15.68,2025-01-10,lazer,0
281,68.52,2024-09-19,educacao,0
249,10.96,2025-05-25,restaurante,0
160,24.73,2025-06-17,lazer,0
221,32.79,2025-06-18,mercado,1
49,61.7,2025-04-30,educacao,0
82,12.57,2025-06-27,mercado,0
90,39.18,2024-12-07,restaurante,0
157,76.76,2025-03-30,lazer,0
274,38.87,2025-01-15,saude,1
48,43.94,2024-09-10,compras_online,1
123,14.32,2025-07-10,transporte,1
120,24.75,2025-03-10,transporte,1
70,9.12,2024-10-06,lazer,0
113,17.18,2024-06-04,compras_online,0
283,27.66,2024-02-08,restaurante,0
82,67.84,2024-07-06,mercado,0
180,20.46,2024-04-04,restaurante,0
152,8.04,2025-07-19,transporte,1
14,41.19,2024-04-22,mercado,0
171,13.07,2024-03-30,transporte,0
175,11.59,2024-02-23,transporte,0
250,64.21,2024-01-19,saude,0
262,15.36,2024-08-27,lazer,0
109,9.6,2025-04-28,transporte,0
265,11.62,2025-02-14,mercado,0
191,10.09,2025-03-24,transporte,1
221,21.41,2024-04-26,compras_online,1
292,24.8,2025-07-13,transporte,0
114,8.59,2024-03-21,restaurante,0
93,11.61,2024-11-19,transporte,0
45,8.62,2025-03-13,compras_online,0
149,77.5,2024-04-08,educacao,0
17,32.24,2024-01-04,lazer,0
260,28.05,2024-01-19,restaurante,0
125,17.75,2024-07-25,mercado,0
27,15.46,2024-01-08,lazer,1
69,45.18,2024-01-03,compras_online,0
211,50.86,2024-10-14,restaurante,0
270,80.37,2024-04-23,educacao,0
187,34.79,2024-01-14,saude,0
26,11.45,2024-12-09,lazer,0
256,9.61,2025-05-23,transporte,0
116,42.04,2024-11-30,educacao,0
117,51.45,2024-11-18,mercado,1
1,10.54,2024-07-17,lazer,0
263,190.37,2024-08-23,compras_online,1
85,13.81,2024-02-16,restaurante,0
129,10.83,2025-03-15,transporte,0
271,30.79,2025-05-19,lazer,0
92,42.82,2024-12-28,lazer,0
66,15.85,2024-07-23,lazer,0
143,38.34,2024-05-06,mercado,1
196,14.7,2024-06-24,mercado,0
37,44.48,2024-06-09,educacao,0
128,10.75,2024-08-28,transporte,0
83,12.13,2025-05-22,compras_online,0
57,5.35,2025-06-26,transporte,0
263,18.69,2024-05-30,mercado,1
154,22.11,2024-12-04,lazer,0
155,16.51,2024-11-01,restaurante,0
240,45.05,2024-10-28,mercado,1
287,12.65,2025-02-22,saude,0
13,27.4,2024-10-22,lazer,0
260,20.19,2025-05-24,lazer,0
171,36.52,2024-03-28,saude,0
83,20.37,2025-01-09,saude,0
196,14.81,2024-05-14,restaurante,0
273,26.92,2025-03-23,mercado,1
47,5.68,2024-09-09,transporte,0
25,33.66,2025-07-07,saude,1
26,,2024-01-01,transporte,0
141,54.19,2024-01-07,compras_online,1
113,49.79,2025-03-14,mercado,0
126,13.26,2024-03-09,mercado,0
25,48.02,2025-06-29,educacao,1
35,23.68,2025-02-24,compras_online,0
164,49.23,2025-05-16,educacao,1
175,8.97,2025-03-03,mercado,0
66,52.17,2024-01-19,mercado,0
123,40.1,2024-02-27,educacao,1
204,21.84,2025-06-10,lazer,0
187,60.51,2025-01-03,mercado,0
284,26.45,2024-08-23,compras_online,0
148,37.35,2024-04-04,compras_online,0
186,42.59,2025-06-01,mercado,0
93,15.44,2025-05-23,restaurante,0
54,37.33,2024-06-29,restaurante,0
252,6.7,2024-01-29,,0
244,9.65,2024-11-14,educacao,0
98,61.27,2025-05-16,educacao,0
5,18.19,2024-12-12,restaurante,0
245,15.44,2024-05-11,mercado,0
44,29.75,2024-07-28,compras_online,0
147,15.51,2025-03-15,mercado,0
41,75.75,2024-01-21,saude,0
184,14.57,2025-04-25,lazer,0
251,54.1,2025-07-31,educacao,0
261,10.4,2024-10-05,restaurante,0
248,13.41,2024-06-28,lazer,1
269,22.38,2024-05-12,compras_online,0
218,63.91,2024-03-03,lazer,0
5,58.89,2025-04-18,lazer,0
47,36.09,2024-05-28,restaurante,0
259,10.8,2024-08-27,transporte,0
171,12.69,2025-07-06,mercado,0
76,10.86,2025-04-12,lazer,0
292,22.91,2024-06-06,mercado,0
44,17.85,2025-06-21,saude,0
207,30.25,2024-05-26,compras_online,1
41,18.95,2024-07-26,mercado,0
264,7.66,2024-03-09,transporte,0
256,21.04,2024-02-20,mercado,0
267,10.02,2025-06-12,restaurante,0
89,28.66,2025-06-20,restaurante,0
98,,2025-06-03,lazer,0
134,29.56,2025-07-23,compras_online,0
215,17.17,2024-11-29,,1
176,63.08,2024-03-26,compras_online,0
48,,2025-04-12,transporte,1
266,44.92,2024-03-26,mercado,0
199,76.13,2024-07-06,mercado,0
283,,2024-04-04,educacao,0
110,31.37,2024-05-24,mercado,0
154,71.88,2024-06-27,saude,0
294,22.8,2024-11-14,compras_online,0
142,12.32,2024-11-19,mercado,0
66,44.64,2025-07-14,mercado,0
43,20.2,2024-09-16,mercado,0
47,21.3,2025-05-10,transporte,0
126,38.91,2024-08-04,compras_online,0
234,11.07,2025-07-02,restaurante,0
67,324.52,2025-07-19,lazer,0
46,13.03,2025-01-01,transporte,0
264,44.62,2025-05-16,saude,0
51,33.0,2025-05-22,educacao,1
146,74.0,2024-03-20,educacao,0
46,22.14,2024-08-30,restaurante,0
50,21.11,2025-05-25,restaurante,0
227,7.26,2024-01-21,transporte,0
140,16.25,2024-02-15,lazer,0
277,28.08,2024-06-11,mercado,0
159,13.26,2024-02-16,transporte,0
111,105.59,2025-01-19,mercado,0
222,23.25,2024-06-14,compras_online,1
262,17.08,2024-03-06,mercado,0
282,13.12,2024-07-22,transporte,0
283,22.33,2024-09-15,lazer,0
251,27.67,2025-03-31,lazer,0
299,51.18,2024-09-09,mercado,0
99,25.89,2024-10-18,mercado,0
155,12.38,2024-01-28,mercado,0
280,40.42,2025-01-10,restaurante,0
85,25.98,2025-04-15,mercado,0
77,,2024-01-12,mercado,1
2,42.5,2024-03-18,transporte,1
126,28.86,2024-03-18,transporte,0
147,16.26,2024-03-22,restaurante,0
134,53.77,2024-05-06,mercado,0
44,21.02,2025-05-30,lazer,0
38,64.66,2025-07-24,educacao,0
136,56.13,2024-04-14,mercado,0
101,42.88,2025-05-03,restaurante,0
168,59.86,2024-05-18,mercado,0
128,44.71,2024-11-04,restaurante,0
148,38.47,2024-11-13,mercado,0
192,31.89,2024-09-09,restaurante,0
76,34.98,2024-08-28,saude,0
21,29.55,2024-11-27,lazer,0
168,22.48,2024-09-06,restaurante,0
101,9.7,2024-12-09,transporte,0
69,40.31,2025-07-12,,0
42,21.11,2024-07-02,transporte,0
60,19.93,2025-03-09,transporte,0
290,18.93,2024-10-15,transporte,0
71,12.23,2024-01-21,lazer,1
250,30.08,2024-06-26,mercado,0
154,15.62,2025-07-15,lazer,0
63,10.14,2024-07-08,mercado,0
224,54.77,2024-02-29,restaurante,1
205,12.47,2024-03-26,restaurante,0
101,18.42,2024-06-20,compras_online,0
30,6.32,2024-10-29,lazer,0
116,41.34,2025-06-03,mercado,0
264,26.5,2025-03-10,saude,0
182,54.68,2024-06-14,,0
232,9.14,2024-08-30,mercado,0
262,9.84,2024-08-31,transporte,0
89,27.1,2024-10-19,compras_online,0
252,36.21,2024-05-14,saude,0
145,35.38,2025-05-20,lazer,0
237,16.86,2025-07-13,mercado,0
274,5.02,2024-03-30,transporte,1
5,18.5,2024-01-05,transporte,0
7,22.55,2024-05-23,transporte,1
43,11.67,2025-03-10,lazer,0
203,57.01,2024-09-27,restaurante,0
282,21.02,2025-07-30,mercado,0
158,43.52,2024-02-11,saude,0
264,7.22,2025-01-17,transporte,0
201,16.3,2025-03-15,compras_online,0
194,36.66,2025-03-02,restaurante,0
117,15.33,2024-08-21,transporte,1
171,75.51,2025-05-30,restaurante,0
254,27.11,2025-02-16,,0
135,34.62,2025-02-06,saude,0
101,18.14,2024-08-30,mercado,0
21,52.24,2025-04-21,transporte,0
92,19.73,2025-07-26,,0
109,21.29,2024-08-20,mercado,0
30,29.73,2024-06-24,restaurante,0
49,58.52,2025-07-02,transporte,0
229,7.96,2024-07-05,restaurante,0
148,11.77,2025-02-05,mercado,0
118,68.23,2024-09-27,saude,0
90,5.48,2025-02-04,transporte,0
149,15.74,2025-01-02,lazer,0
75,104.85,2024-02-25,,0
50,10.63,2024-11-03,transporte,0
276,13.53,2024-04-06,restaurante,0
147,58.92,2024-11-06,saude,0
265,23.47,2024-05-12,compras_online,0
102,14.92,2024-03-02,transporte,0
128,24.36,2025-01-05,compras_online,0
188,29.28,2025-04-16,mercado,0
214,18.95,2024-02-06,compras_online,0
17,32.57,2025-04-09,saude,0
157,14.56,2025-03-15,mercado,0
150,13.16,2024-09-25,mercado,1
79,25.62,2025-04-23,restaurante,0
59,27.93,2024-06-21,mercado,0
116,9.74,2025-04-08,mercado,0
11,8.35,2024-04-20,transporte,0
203,13.25,2025-02-27,mercado,0
283,55.84,2025-07-14,restaurante,0
68,8.53,2025-04-07,transporte,0
163,36.72,2025-03-07,saude,0
287,53.19,2024-04-25,mercado,0
72,53.27,2024-11-11,compras_online,0
234,51.37,2025-02-15,restaurante,0
124,12.05,2025-04-06,mercado,0
163,37.39,2024-09-20,mercado,0
35,18.29,2025-05-21,transporte,0
163,128.29,2025-01-07,restaurante,0
295,19.57,2024-09-14,compras_online,0
137,61.08,2025-04-27,educacao,1
74,13.03,2024-01-18,mercado,0
103,16.49,2024-06-29,mercado,0
274,53.6,2024-01-01,saude,1
210,32.52,2024-09-24,restaurante,0
28,6.16,2024-10-03,transporte,0
272,45.7,2024-01-19,,0
54,25.51,2024-09-27,mercado,0
238,69.39,2024-09-29,compras_online,0
163,25.79,2024-12-18,mercado,0
46,40.07,2025-03-14,mercado,0
242,14.3,2025-06-24,lazer,0
57,12.17,2025-06-09,transporte,0
68,24.08,2024-04-10,restaurante,0
298,12.18,2024-03-08,mercado,0
144,20.19,2025-05-17,mercado,0
283,29.16,2024-03-24,mercado,0
154,23.18,2025-04-21,mercado,0
78,13.75,2024-11-27,lazer,1
216,16.13,2024-02-08,saude,0
260,33.75,2024-09-01,mercado,0
216,136.27,2024-09-10,saude,0
111,7.93,2024-03-12,transporte,0
135,5.34,2025-04-10,mercado,0
273,21.13,2024-01-20,mercado,1
72,7.87,2024-04-08,restaurante,0
57,33.2,2024-12-13,restaurante,0
45,23.46,2024-03-29,compras_online,0
145,35.38,2025-05-20,lazer,0
231,39.42,2024-01-26,educacao,0
212,5.71,2025-04-10,mercado,0
228,13.26,2025-03-22,compras_online,0
267,271.61,2025-05-09,saude,0
278,17.01,2025-06-14,mercado,0
268,25.71,2024-03-07,compras_online,0
294,11.05,2024-07-18,mercado,0
290,86.69,2024-05-20,lazer,0
56,26.67,2025-06-24,compras_online,0
178,61.94,2024-12-08,saude,1
43,26.41,2025-05-16,lazer,0
8,20.01,2024-02-04,saude,0
236,55.88,2024-12-04,restaurante,0
91,11.97,2025-01-07,saude,0
4,19.54,2025-05-17,restaurante,0
277,8.02,2024-11-02,transporte,0
118,16.95,2024-07-26,mercado,0
189,7.4,2024-09-30,mercado,1
242,14.78,2024-02-12,transporte,0
254,16.89,2024-08-09,restaurante,0
251,13.59,2024-02-01,mercado,0
34,41.59,2025-07-06,lazer,0
137,12.72,2024-07-26,mercado,1
79,15.36,2025-05-17,transporte,0
156,83.28,2024-03-30,compras_online,0
64,11.93,2024-09-21,,1
114,12.01,2025-04-25,compras_online,0
17,26.86,2024-11-19,lazer,0
86,28.23,2024-04-05,restaurante,0
105,13.27,2024-03-23,transporte,0
173,13.3,2025-03-30,mercado,1
61,24.98,2024-10-22,transporte,0
162,28.13,2024-06-18,saude,0
31,6.58,2024-09-01,transporte,0
41,16.2,2025-01-25,,0
188,22.16,2025-02-23,transporte,0
255,36.59,2024-06-23,mercado,0
93,52.11,2025-04-21,educacao,0
112,16.45,2025-04-27,lazer,0
169,32.81,2025-07-21,educacao,0
23,29.71,2025-05-23,educacao,0
94,22.76,2024-10-22,restaurante,0
118,38.69,2025-03-30,compras_online,0
51,29.21,2024-01-24,mercado,1
168,19.89,2024-04-12,mercado,0
56,98.74,2025-01-24,restaurante,0
177,21.62,2025-01-27,mercado,0
59,16.4,2024-06-25,restaurante,0
296,9.85,2025-05-03,mercado,0
74,30.62,2025-01-21,mercado,0
134,14.4,2024-05-04,transporte,0
69,101.9,2024-11-16,restaurante,0
209,17.16,2025-01-28,mercado,0
49,14.03,2024-09-22,mercado,0
225,16.65,2024-03-01,transporte,1
156,5.96,2025-01-17,mercado,0
178,,2024-02-20,transporte,1
158,40.9,2025-02-26,restaurante,0
177,,2025-06-04,transporte,0
297,24.51,2024-05-21,mercado,0
201,22.95,2025-03-22,restaurante,0
295,29.47,2025-01-31,saude,0
281,7.55,2025-01-06,transporte,0
70,12.78,2025-07-27,,0
47,22.81,2024-05-06,mercado,0
48,36.47,2024-01-13,mercado,1
259,78.37,2024-03-10,lazer,0
217,9.48,2024-01-24,mercado,0
67,56.42,2025-06-11,educacao,0
177,44.74,2025-03-11,mercado,0
294,27.35,2025-05-17,transporte,0
147,57.16,2024-12-31,compras_online,0
193,4.87,2024-06-28,restaurante,0
260,16.19,2025-06-02,restaurante,0
138,26.67,2025-05-04,mercado,1
103,21.11,2025-07-11,restaurante,0
138,57.44,2025-05-29,saude,1
46,25.32,2025-05-02,compras_online,0
254,2.41,2024-12-03,transporte,0
226,10.94,2024-11-24,mercado,1
160,13.4,2025-07-06,transporte,0
119,57.29,2024-02-21,mercado,0
46,23.92,2025-07-17,transporte,0
272,34.07,2024-08-08,restaurante,0
269,36.92,2024-01-05,mercado,0
62,9.89,2025-06-29,mercado,1
137,41.86,2024-10-26,mercado,1
57,20.85,2024-09-05,restaurante,0
183,21.58,2025-04-11,restaurante,0
255,30.25,2025-07-31,transporte,0
7,8.97,2024-02-21,educacao,1
8,46.18,2025-04-18,compras_online,0
126,6.31,2024-04-28,restaurante,0
30,16.98,2025-02-27,compras_online,0
41,21.77,2024-10-28,compras_online,0
137,14.35,2024-02-15,lazer,1
224,20.03,2024-08-05,transporte,1
23,14.66,2024-02-01,transporte,0
195,48.36,2025-01-12,mercado,0
54,46.72,2024-08-22,mercado,0
109,39.04,2024-12-06,restaurante,0
30,15.53,2025-06-05,restaurante,0
286,11.07,2024-07-14,compras_online,0
252,162.67,2024-05-11,compras_online,0
237,9.25,2024-06-26,transporte,0
118,27.04,2024-10-07,restaurante,0
223,49.22,2024-09-02,educacao,0
202,8.69,2024-10-01,mercado,1
13,34.5,2025-02-01,mercado,0
214,34.42,2024-06-15,restaurante,0
109,38.38,2024-01-13,restaurante,0
61,,2024-04-16,mercado,0
39,6.99,2024-05-01,transporte,0
154,16.19,2024-08-22,transporte,0
210,23.88,2025-03-20,mercado,0
162,3.81,2024-02-24,transporte,0
8,18.93,2024-06-06,compras_online,0
128,19.96,2024-04-24,educacao,0
69,30.04,2025-05-17,mercado,0
207,13.34,2024-12-26,mercado,1
178,17.46,2024-11-02,transporte,1
20,12.58,2024-07-06,mercado,1
43,26.41,2025-05-16,lazer,0
16,21.08,2024-03-27,saude,0
107,42.58,2024-06-16,educacao,0
188,393.75,2024-10-08,restaurante,0
142,15.96,2025-02-19,transporte,0
202,75.66,2025-05-06,educacao,1
119,44.86,2025-07-20,lazer,0
280,29.76,2025-06-08,mercado,0
62,370.95,2024-07-20,educacao,1
219,7.53,2025-06-12,transporte,0
149,33.19,2025-07-13,restaurante,0
214,17.98,2024-05-28,restaurante,0
198,25.18,2024-12-18,lazer,0
229,11.15,2025-03-20,restaurante,0
71,6.95,2025-02-20,transporte,1
63,63.95,2025-07-23,restaurante,0
275,2.91,2024-05-16,transporte,0
172,15.61,2024-04-04,compras_online,0
284,32.03,2025-06-10,restaurante,0
104,38.08,2024-05-22,compras_online,0
59,65.74,2024-10-25,educacao,0
158,13.96,2024-09-25,lazer,0
40,19.53,2025-05-28,restaurante,0
273,46.86,2024-08-13,lazer,1
123,46.9,2024-01-17,saude,1
293,49.12,2024-09-13,mercado,1
87,12.65,2024-01-19,saude,0
235,6.34,2024-06-13,transporte,0
12,29.6,2024-08-30,compras_online,0
246,22.25,2025-01-01,saude,0
12,22.37,2025-03-25,compras_online,0
147,22.17,2025-07-12,compras_online,0
205,49.46,2024-04-19,educacao,0
247,,2024-11-01,restaurante,1
37,10.84,2024-05-17,mercado,0
177,58.95,2024-08-09,compras_online,0
260,11.07,2025-07-31,restaurante,0
279,16.45,2024-07-12,lazer,0
84,17.64,2024-09-29,mercado,0
49,80.3,2024-12-13,saude,0
65,21.95,2024-04-24,restaurante,0
260,19.13,2024-03-22,lazer,0
73,61.04,2024-08-13,compras_online,0
10,10.42,2024-09-12,compras_online,0
116,95.51,2025-02-12,restaurante,0
32,68.14,2025-06-23,restaurante,0
168,22.48,2024-09-06,restaurante,0
37,24.7,2024-05-07,mercado,0
191,15.36,2024-03-17,compras_online,1
137,34.62,2025-02-11,saude,1
173,7.59,2025-07-16,,1
24,3.43,2024-02-25,transporte,1
139,36.07,2024-08-11,transporte,0
21,12.57,2024-01-19,transporte,0
161,37.32,2024-03-26,saude,1
80,20.93,2025-04-22,compras_online,0
220,61.69,2024-06-08,transporte,0
37,,2024-03-12,transporte,0
241,36.49,2024-01-08,lazer,1
227,29.52,2024-11-02,compras_online,0
63,22.56,2025-01-19,compras_online,0
191,29.13,2024-08-19,mercado,1
93,15.35,2025-02-19,transporte,0
55,22.33,2024-03-10,mercado,1
57,8.26,2025-07-19,transporte,0
94,15.15,2025-04-11,lazer,0
290,10.46,2025-03-12,lazer,0
3,21.49,2024-02-26,lazer,1
280,98.37,2024-12-18,saude,0
156,9.25,2024-09-05,mercado,0
54,22.47,2024-01-26,mercado,0
172,66.28,2024-10-24,mercado,0
161,5.52,2024-11-13,transporte,1
173,24.24,2024-11-20,transporte,1
155,5.21,2025-03-22,mercado,0
59,44.5,2024-03-27,mercado,0
45,28.73,2024-08-29,mercado,0
195,29.19,2024-07-30,restaurante,0
129,29.04,2024-02-28,restaurante,0
164,230.55,2024-12-21,compras_online,1
136,46.81,2025-03-21,lazer,0
118,41.21,2025-04-25,saude,0
93,13.19,2025-07-04,mercado,0
98,35.88,2024-01-26,mercado,0
216,21.17,2024-12-10,compras_online,0
37,19.46,2025-04-24,educacao,0
6,4.56,2024-10-04,transporte,0
198,17.88,2024-02-09,mercado,0
173,14.72,2024-01-22,transporte,1
273,10.4,2025-03-10,lazer,1
248,51.13,2024-06-02,educacao,1
22,35.01,2024-10-08,saude,0
88,61.41,2025-06-05,mercado,0
189,22.17,2024-06-12,mercado,1
35,14.06,2024-06-07,mercado,0
150,23.5,2024-12-01,mercado,1
63,12.21,2024-01-25,transporte,0
66,52.17,2024-01-19,mercado,0
102,21.51,2024-04-23,lazer,0
277,23.5,2025-03-16,saude,0
120,13.68,2024-12-19,mercado,1
184,28.93,2025-07-03,mercado,0
24,274.49,2025-06-10,educacao,1
129,45.68,2025-04-22,mercado,0
175,5.82,2025-06-08,mercado,0
136,7.47,2024-02-14,transporte,0
45,16.1,2024-10-19,saude,0
100,14.73,2024-08-03,mercado,0
190,18.42,2025-05-17,lazer,0
57,10.33,2024-08-04,mercado,0
295,35.27,2024-05-12,educacao,0
240,36.47,2024-12-31,compras_online,1
289,23.13,2024-01-27,mercado,1
90,16.95,2024-09-16,mercado,0
212,12.64,2024-07-19,,0
186,20.41,2024-01-18,lazer,0
220,12.28,2024-01-25,transporte,0
84,18.59,2024-05-09,mercado,0
23,15.97,2024-12-12,,0
188,28.34,2024-01-07,mercado,0
167,24.24,2025-06-20,transporte,0
176,49.41,2025-04-26,educacao,0
21,29.42,2025-06-19,restaurante,0
186,64.15,2025-01-16,mercado,0
82,48.48,2025-05-05,,0
174,23.11,2025-03-10,saude,1
223,13.36,2025-03-23,mercado,0
98,14.99,2025-03-09,mercado,0
164,22.6,2024-01-11,mercado,1
147,10.75,2024-12-08,restaurante,0
237,22.86,2024-06-21,transporte,0
216,37.89,2024-11-06,restaurante,0
91,30.37,2025-04-10,mercado,0
3,20.26,2024-01-27,mercado,1
145,28.99,2024-09-13,saude,0
38,5.16,2024-09-19,transporte,0
254,27.86,2024-12-29,transporte,0
73,,2025-02-23,,0
179,13.69,2024-09-21,mercado,1
233,10.65,2025-06-10,lazer,0
202,49.63,2024-02-28,mercado,1
188,56.88,2024-10-30,mercado,0
193,41.76,2025-05-17,restaurante,0
260,2.67,2024-05-28,transporte,0
294,7.81,2025-07-25,lazer,0
294,41.23,2025-02-21,restaurante,0
125,26.93,2024-03-18,restaurante,0
247,14.86,2024-10-19,compras_online,1
51,22.23,2025-02-20,restaurante,1
230,9.67,2025-07-03,restaurante,0
69,8.52,2024-01-29,restaurante,0
232,19.43,2024-09-10,mercado,0
136,10.64,2024-02-22,restaurante,0
159,35.7,2025-07-22,mercado,0
154,34.92,2024-08-13,restaurante,0
8,25.84,2025-04-12,lazer,0
158,23.14,2024-10-23,restaurante,0
126,16.39,2024-06-29,mercado,0
219,63.36,2024-03-11,compras_online,0
28,36.05,2024-08-15,,0
254,16.52,2024-09-29,lazer,0
25,14.92,2025-01-21,mercado,1
213,40.56,2025-02-12,restaurante,0
162,13.53,2024-11-13,mercado,0
70,5.15,2024-12-01,transporte,0
154,26.82,2024-04-03,mercado,0
29,28.49,2025-07-09,restaurante,0
102,40.68,2024-04-02,educacao,0
278,41.24,2024-11-26,lazer,0
268,45.62,2025-07-18,lazer,0
104,24.21,2024-06-27,lazer,0
124,10.3,2025-07-14,,0
121,16.05,2024-06-23,mercado,0
3,19.02,2024-02-11,lazer,1
129,49.64,2024-03-08,mercado,0
182,24.92,2024-02-27,mercado,0
104,28.39,2024-03-10,lazer,0
101,14.47,2025-02-06,educacao,0
1,64.76,2025-02-26,mercado,0
143,17.41,2024-09-15,educacao,1
74,8.65,2025-04-11,lazer,0
76,34.45,2025-03-16,compras_online,0
102,49.73,2025-06-24,lazer,0
146,14.39,2025-02-06,mercado,0
51,19.24,2024-12-18,transporte,1
125,395.78,2025-02-23,restaurante,0
68,4.34,2024-01-30,transporte,0
191,41.14,2025-05-16,mercado,1
257,14.62,2024-08-01,restaurante,0
43,63.16,2024-06-28,mercado,0
242,34.78,2024-09-16,transporte,0
235,20.88,2024-11-22,restaurante,0
190,15.57,2025-03-13,mercado,0
216,52.12,2025-02-14,saude,0
182,17.33,2024-08-21,restaurante,0
194,27.92,2024-10-07,restaurante,0
20,36.49,2024-11-02,educacao,1
132,7.52,2025-03-28,,0
147,40.9,2025-06-10,saude,0
187,34.79,2024-01-14,saude,0
108,41.46,2024-12-04,lazer,0
143,11.58,2024-10-22,transporte,1
139,17.09,2024-05-18,mercado,0
61,33.8,2024-06-18,lazer,0
156,41.44,2025-01-30,educacao,0
86,,2024-04-10,transporte,0
203,31.36,2025-05-06,compras_online,0
241,35.29,2025-03-04,lazer,1
49,57.41,2025-01-15,compras_online,0
189,17.01,2024-09-14,mercado,1
213,11.51,2024-06-20,mercado,0
148,13.08,2024-10-02,,0
252,30.56,2024-11-10,saude,0
